Country,eiu_regime_2025,eiu_2025,eiu_2024,eiu_2006,whr2025_life_eval,whr2025_rank,Log GDP per capita,Social support,Healthy life expectancy,Freedom to make life choices,Generosity,Perceptions of corruption,Dystopia + residual
Norway,Full democracy,9.81,9.81,9.55,7.262,7,1.902,1.711,0.863,0.962,0.168,0.425,1.231
New Zealand,Full democracy,9.62,9.61,9.01,6.952,12,1.698,1.712,0.815,0.861,0.167,0.429,1.27
Denmark,Full democracy,9.42,9.28,9.52,7.521,2,1.825,1.748,0.82,0.955,0.15,0.488,1.535
Iceland,Full democracy,9.38,9.38,9.71,7.515,3,1.799,1.84,0.873,0.971,0.201,0.173,1.659
Finland,Full democracy,9.37,9.3,9.25,7.736,1,1.749,1.783,0.824,0.986,0.11,0.502,1.782
Sweden,Full democracy,9.35,9.39,9.88,7.345,4,1.783,1.698,0.889,0.952,0.17,0.467,1.385
Ireland,Full democracy,9.33,9.19,9.01,6.889,15,1.988,1.659,0.823,0.906,0.179,0.382,0.952
Switzerland,Full democracy,9.32,9.32,9.02,6.935,13,1.87,1.622,0.883,0.889,0.156,0.468,1.047
Canada,Full democracy,9.08,8.69,9.07,6.803,18,1.749,1.647,0.832,0.813,0.168,0.323,1.271
Luxembourg,Full democracy,9.08,8.88,9.1,7.122,9,2.028,1.558,0.864,0.931,0.117,0.397,1.227
Netherlands,Full democracy,8.93,9.0,9.66,7.306,5,1.822,1.667,0.844,0.86,0.186,0.344,1.583
Uruguay,Full democracy,8.92,8.67,7.96,6.661,28,1.554,1.654,0.523,0.913,0.078,0.197,1.741
Japan,Full democracy,8.85,8.48,8.15,6.147,55,1.678,1.55,0.921,0.746,0.014,0.2,1.038
Australia,Full democracy,8.85,8.85,9.09,6.974,11,1.767,1.647,0.841,0.857,0.164,0.285,1.413
Taiwan,Full democracy,8.78,8.78,7.82,6.669,27,1.73,1.583,0.817,0.76,0.057,0.187,1.534
Germany,Full democracy,8.73,8.73,8.82,6.753,22,1.785,1.625,0.776,0.858,0.148,0.351,1.21
Austria,Full democracy,8.42,8.28,8.69,6.81,17,1.791,1.592,0.814,0.856,0.179,0.28,1.297
United Kingdom,Full democracy,8.34,8.34,8.08,6.728,23,1.725,1.562,0.779,0.872,0.211,0.318,1.26
Costa Rica,Full democracy,8.29,8.29,8.04,7.274,6,1.492,1.6,0.68,0.948,0.067,0.118,2.369
Portugal,Full democracy,8.28,8.08,8.16,6.013,60,1.646,1.56,0.822,0.879,0.04,0.034,1.032
Mauritius,Full democracy,8.23,8.23,8.04,5.832,78,1.499,1.521,0.617,0.761,0.095,0.13,1.209
Spain,Full democracy,8.2,8.13,8.34,6.466,38,1.69,1.685,0.894,0.734,0.112,0.18,1.17
Czechia,Full democracy,8.15,8.08,8.17,6.775,20,1.692,1.716,0.658,0.916,0.118,0.084,1.591
Estonia,Full democracy,8.07,8.13,7.74,6.417,39,1.65,1.716,0.642,0.902,0.128,0.378,1.001
Greece,Full democracy,8.07,8.07,8.13,5.776,81,1.608,1.438,0.725,0.396,0.003,0.063,1.543
France,Full democracy,8.05,7.99,8.07,6.593,33,1.733,1.535,0.832,0.743,0.099,0.264,1.386
Chile,Flawed democracy,7.97,7.83,7.89,6.361,45,1.537,1.577,0.711,0.779,0.093,0.085,1.579
Malta,Flawed democracy,7.93,7.93,8.39,6.316,48,1.76,1.671,0.837,0.837,0.217,0.115,0.879
Slovenia,Flawed democracy,7.82,7.82,7.96,6.792,19,1.692,1.718,0.802,0.961,0.121,0.113,1.384
Israel,Flawed democracy,7.8,7.8,7.28,7.234,8,1.695,1.743,0.824,0.74,0.144,0.193,1.895
Belgium,Flawed democracy,7.77,7.64,8.15,6.91,14,1.783,1.646,0.852,0.895,0.119,0.306,1.309
South Korea,Flawed democracy,7.75,7.75,7.88,6.038,58,1.709,1.357,0.903,0.678,0.1,0.139,1.152
Latvia,Flawed democracy,7.73,7.66,7.37,6.207,51,1.619,1.711,0.503,0.789,0.108,0.082,1.396
Poland,Flawed democracy,7.65,7.4,7.3,6.673,26,1.666,1.595,0.63,0.79,0.021,0.169,1.802
United States,Flawed democracy,7.65,7.85,8.22,6.724,24,1.839,1.614,0.604,0.644,0.171,0.161,1.69
Botswana,Flawed democracy,7.63,7.63,7.6,3.438,142,1.388,1.146,0.094,0.697,0.018,0.083,0.012
Italy,Flawed democracy,7.58,7.58,7.73,6.415,40,1.724,1.526,0.852,0.641,0.082,0.071,1.517
Lithuania,Flawed democracy,7.55,7.59,7.43,6.829,16,1.684,1.699,0.592,0.702,0.031,0.123,1.998
Cyprus,Flawed democracy,7.45,7.38,7.6,5.942,67,1.72,1.348,0.84,0.612,0.108,0.041,1.273
South Africa,Flawed democracy,7.16,7.16,7.91,5.213,95,1.283,1.465,0.142,0.676,0.064,0.043,1.54
Malaysia,Flawed democracy,7.11,7.11,5.98,5.955,64,1.571,1.315,0.446,0.991,0.181,0.11,1.341
Trinidad and Tobago,Flawed democracy,7.09,7.09,7.18,5.905,70,1.549,1.532,0.419,0.76,0.111,0.001,1.533
Panama,Flawed democracy,7.04,6.84,7.35,6.407,41,1.594,1.6,0.717,0.876,0.041,0.042,1.537
India,Flawed democracy,6.96,7.29,7.68,4.389,118,1.149,0.86,0.316,0.914,0.141,0.12,0.889
Slovakia,Flawed democracy,6.94,7.21,7.4,6.221,50,1.629,1.762,0.547,0.704,0.058,0.07,1.451
Argentina,Flawed democracy,6.89,6.51,6.63,6.397,42,1.504,1.622,0.579,0.824,0.048,0.083,1.736
Brazil,Flawed democracy,6.76,6.49,7.38,6.494,36,1.391,1.519,0.48,0.83,0.089,0.127,2.057
Dominican Republic,Flawed democracy,6.75,6.62,6.13,5.846,76,1.457,1.5,0.615,0.866,0.063,0.186,1.16
Jamaica,Flawed democracy,6.74,6.74,7.34,5.87,73,1.182,1.545,0.504,0.869,0.075,0.019,1.676
Montenegro,Flawed democracy,6.73,6.73,6.57,5.877,71,1.507,1.551,0.618,0.768,0.075,0.138,1.22
Thailand,Flawed democracy,6.59,6.27,5.67,6.222,49,1.426,1.551,0.633,0.927,0.223,0.039,1.423
Hungary,Flawed democracy,6.58,6.51,7.53,5.915,69,1.638,1.742,0.587,0.681,0.099,0.057,1.111
Sri Lanka,Flawed democracy,6.57,6.19,6.58,3.891,133,1.271,1.308,0.567,0.696,0.121,0.025,-0.099
Croatia,Flawed democracy,6.5,6.5,7.04,5.87,72,1.644,1.673,0.669,0.478,0.022,0.065,1.319
Mongolia,Flawed democracy,6.5,6.53,6.6,5.833,77,1.336,1.731,0.423,0.629,0.18,0.053,1.481
Namibia,Flawed democracy,6.48,6.48,6.54,4.911,103,1.182,1.482,0.104,0.564,0.052,0.056,1.47
Indonesia,Flawed democracy,6.37,6.44,6.41,5.617,83,1.288,1.372,0.454,0.918,0.323,0.044,1.218
Bulgaria,Flawed democracy,6.34,6.34,7.1,5.554,85,1.573,1.725,0.463,0.708,0.055,0.0,1.029
Philippines,Flawed democracy,6.31,6.63,6.48,6.107,57,1.177,1.385,0.315,0.966,0.075,0.11,2.079
Serbia,Flawed democracy,6.3,6.26,6.62,6.606,31,1.489,1.62,0.545,0.767,0.131,0.107,1.946
North Macedonia,Flawed democracy,6.28,6.28,6.33,5.503,86,1.458,1.537,0.544,0.637,0.13,0.007,1.19
Ghana,Flawed democracy,6.24,6.24,5.35,4.34,125,1.053,1.01,0.438,0.771,0.139,0.025,0.904
Lesotho,Flawed democracy,6.23,6.06,6.48,3.757,138,0.737,1.131,0.0,0.606,0.065,0.072,1.145
Albania,Flawed democracy,6.2,6.2,5.91,5.411,89,1.371,1.122,0.696,0.841,0.103,0.057,1.22
Singapore,Flawed democracy,6.18,6.18,5.89,6.565,34,2.022,1.565,0.935,0.856,0.164,0.522,0.501
Romania,Flawed democracy,6.11,5.99,7.06,6.563,35,1.636,1.401,0.561,0.847,0.028,0.015,2.075
Malawi,Flawed democracy,6.1,5.85,4.97,3.26,144,0.588,0.489,0.28,0.677,0.115,0.136,0.975
Senegal,Flawed democracy,6.05,5.93,5.37,4.856,107,0.907,0.977,0.433,0.767,0.129,0.09,1.553
Colombia,Flawed democracy,6.04,6.35,6.4,6.004,61,1.38,1.513,0.587,0.777,0.039,0.051,1.658
Paraguay,Flawed democracy,6.04,5.92,6.16,6.172,54,1.329,1.615,0.291,0.921,0.097,0.063,1.857
Peru,Hybrid regime,5.88,5.69,6.11,5.947,65,1.323,1.364,0.551,0.71,0.05,0.021,1.929
Republic of Moldova,Hybrid regime,5.86,6.04,6.5,5.819,80,1.332,1.43,0.414,0.83,0.054,0.037,1.722
Zambia,Hybrid regime,5.82,5.73,5.25,3.912,131,0.848,1.013,0.233,0.872,0.131,0.107,0.709
Liberia,Hybrid regime,5.57,5.57,5.22,4.277,129,0.582,0.888,0.324,0.653,0.143,0.068,1.618
Mexico,Hybrid regime,5.4,5.32,6.67,6.979,10,1.435,1.504,0.55,0.879,0.057,0.118,2.438
Bolivia,Hybrid regime,5.38,4.26,5.98,5.868,74,1.173,1.356,0.346,0.817,0.067,0.052,2.057
Armenia,Hybrid regime,5.35,5.35,4.15,5.494,87,1.391,1.349,0.828,0.786,0.032,0.158,0.95
Bosnia and Herzegovina,Hybrid regime,5.23,5.06,5.78,6.136,56,1.405,1.545,0.616,0.749,0.178,0.009,1.635
Ecuador,Hybrid regime,5.2,5.24,5.64,5.965,62,1.299,1.32,0.702,0.712,0.058,0.066,1.808
Tanzania,Hybrid regime,5.13,5.2,5.18,3.8,136,0.847,0.908,0.411,0.858,0.153,0.243,0.38
Madagascar,Hybrid regime,5.06,5.33,5.82,4.157,130,0.588,0.938,0.341,0.292,0.131,0.118,1.751
Kenya,Hybrid regime,5.05,5.05,5.08,4.51,115,0.994,1.047,0.448,0.649,0.22,0.073,1.079
Hong Kong,Hybrid regime,5.03,5.09,6.03,5.491,88,1.79,1.41,0.948,0.674,0.116,0.386,0.168
Morocco,Hybrid regime,4.97,4.97,3.9,4.622,112,1.139,0.635,0.585,0.748,0.031,0.095,1.388
Honduras,Hybrid regime,4.87,4.98,6.25,5.964,63,1.036,1.187,0.436,0.862,0.134,0.079,2.229
Ukraine,Hybrid regime,4.79,4.9,6.94,4.68,111,1.328,1.472,0.472,0.689,0.245,0.023,0.451
Tunisia,Hybrid regime,4.65,4.71,3.06,4.552,113,1.257,1.224,0.459,0.382,0.032,0.05,1.149
Guatemala,Hybrid regime,4.65,4.55,6.07,6.362,44,1.249,1.33,0.376,0.882,0.075,0.085,2.365
El Salvador,Hybrid regime,4.57,4.61,6.22,6.492,37,1.222,1.228,0.559,0.955,0.054,0.264,2.211
Gambia,Hybrid regime,4.47,4.47,4.39,4.423,117,0.778,0.958,0.348,0.611,0.255,0.045,1.428
Sierra Leone,Hybrid regime,4.44,4.32,3.57,2.998,146,0.786,0.692,0.327,0.613,0.138,0.052,0.391
Georgia,Hybrid regime,4.36,4.7,4.9,5.4,91,1.444,1.275,0.482,0.844,0.0,0.172,1.182
Uganda,Hybrid regime,4.31,4.49,5.14,4.461,116,0.762,1.342,0.396,0.751,0.148,0.05,1.012
Bangladesh,Hybrid regime,4.27,4.44,6.11,3.851,134,1.116,0.286,0.592,0.92,0.11,0.132,0.695
Turkey,Hybrid regime,4.26,4.26,5.7,5.262,94,1.582,1.444,0.626,0.244,0.04,0.104,1.223
Benin,Hybrid regime,4.26,4.44,6.16,4.357,121,0.855,0.228,0.357,0.679,0.092,0.238,1.909
Ivory Coast,Hybrid regime,4.24,4.22,3.38,5.102,98,1.038,0.76,0.206,0.661,0.1,0.162,2.176
Nigeria,Hybrid regime,4.1,4.16,3.52,4.885,105,0.989,1.245,0.38,0.639,0.17,0.028,1.433
Nepal,Hybrid regime,4.01,4.6,3.42,5.311,92,0.944,1.21,0.463,0.764,0.155,0.099,1.676
Mauritania,Authoritarian,3.84,3.96,3.12,4.542,114,1.023,0.919,0.516,0.454,0.113,0.195,1.323
Lebanon,Authoritarian,3.81,3.56,5.82,3.188,145,1.223,0.984,0.44,0.279,0.071,0.041,0.15
Algeria,Authoritarian,3.55,3.55,3.17,5.571,84,1.315,1.363,0.782,0.522,0.057,0.219,1.313
Gabon,Authoritarian,3.49,2.18,2.72,5.12,97,1.386,1.224,0.387,0.651,0.042,0.086,1.343
Palestine,Authoritarian,3.44,3.44,6.01,4.78,108,1.047,1.456,,0.618,0.055,0.081,
Mozambique,Authoritarian,3.38,3.38,5.28,5.19,96,0.559,1.131,0.124,0.813,0.127,0.173,2.262
Jordan,Authoritarian,3.28,3.28,3.92,4.31,128,1.158,1.202,0.573,0.7,0.051,0.164,0.461
Kyrgyzstan,Authoritarian,3.27,3.52,4.08,5.858,75,1.032,1.715,0.647,0.981,0.169,0.053,1.261
United Arab Emirates,Authoritarian,3.18,3.07,2.42,6.759,21,1.812,1.294,0.659,0.934,0.165,0.235,1.66
Iraq,Authoritarian,3.13,2.8,4.01,4.976,101,1.261,1.275,0.589,0.503,0.1,0.069,1.178
Ethiopia,Authoritarian,3.13,3.24,4.72,3.898,132,0.757,1.051,0.416,0.54,0.182,0.1,0.852
Oman,Authoritarian,3.05,3.05,2.77,6.197,52,1.603,1.411,0.5,0.93,0.142,,
Zimbabwe,Authoritarian,2.98,2.98,2.62,3.396,143,0.827,0.961,0.178,0.598,0.065,0.131,0.636
Kazakhstan,Authoritarian,2.91,3.08,3.62,6.378,43,1.586,1.688,0.504,0.878,0.111,0.118,1.492
Togo,Authoritarian,2.88,2.99,1.75,4.315,127,0.757,0.736,0.378,0.576,0.097,0.153,1.618
Comoros,Authoritarian,2.81,2.84,3.9,3.754,139,0.835,0.501,0.428,0.26,0.117,0.164,1.45
Azerbaijan,Authoritarian,2.8,2.8,3.31,4.875,106,1.428,1.03,0.707,0.785,0.076,0.179,0.67
Egypt,Authoritarian,2.79,2.79,3.9,3.817,135,1.347,1.075,0.473,0.593,0.018,0.103,0.21
Congo,Authoritarian,2.79,2.79,3.19,5.03,100,1.023,0.796,0.336,0.626,0.082,0.126,2.04
Kuwait,Authoritarian,2.78,2.78,3.09,6.629,30,1.691,1.481,0.766,0.934,0.143,0.167,1.448
Cambodia,Authoritarian,2.7,2.94,4.77,4.341,124,1.049,1.215,0.481,0.988,0.138,0.078,0.393
Vietnam,Authoritarian,2.62,2.62,2.75,6.352,46,1.278,1.533,0.631,1.012,0.039,0.174,1.684
Eswatini,Authoritarian,2.6,2.6,2.93,3.774,137,1.183,1.152,0.038,0.428,0.054,0.13,0.79
Cameroon,Authoritarian,2.56,2.56,3.27,4.887,104,0.944,0.986,0.302,0.662,0.099,0.06,1.834
Burkina Faso,Authoritarian,2.55,2.55,3.72,4.383,120,0.724,0.828,0.296,0.671,0.142,0.218,1.504
Bahrain,Authoritarian,2.45,2.45,3.53,6.03,59,1.752,1.391,0.609,0.907,0.148,0.167,1.057
Pakistan,Authoritarian,2.44,2.84,3.92,4.768,109,0.982,0.759,0.417,0.529,0.136,0.046,1.898
Mali,Authoritarian,2.4,2.4,5.99,4.345,123,0.709,0.908,0.318,0.767,0.093,0.114,1.436
Libya,Authoritarian,2.31,2.31,1.84,5.82,79,1.247,1.309,0.549,0.724,0.111,0.214,1.666
China,Authoritarian,2.24,2.11,2.97,5.921,68,1.445,1.307,0.789,0.764,0.079,0.154,1.382
Guinea,Authoritarian,2.15,2.04,2.02,4.929,102,0.873,0.791,0.306,0.676,0.157,0.098,2.027
Venezuela,Authoritarian,2.13,2.25,5.42,5.683,82,0.0,1.493,0.515,0.702,0.154,0.117,2.701
Uzbekistan,Authoritarian,2.1,2.1,1.85,6.193,53,1.179,1.615,0.654,0.977,0.195,0.208,1.364
Saudi Arabia,Authoritarian,2.08,2.08,1.92,6.6,32,1.743,1.566,0.714,0.915,0.105,0.187,1.37
Russian Federation,Authoritarian,2.03,2.03,5.02,5.945,66,1.63,1.549,0.47,0.702,0.095,0.125,1.373
Nicaragua,Authoritarian,1.97,2.09,5.68,6.33,47,1.084,1.47,0.646,0.912,0.103,0.271,1.844
Iran,Authoritarian,1.96,1.96,2.93,5.093,99,1.33,1.367,0.609,0.456,0.202,0.122,1.007
Niger,Authoritarian,1.95,2.26,3.54,4.725,110,0.606,0.796,0.258,0.759,0.122,0.137,2.048
Yemen,Authoritarian,1.95,1.95,2.98,3.561,140,0.631,1.482,0.375,0.447,0.066,0.106,0.454
Tajikistan,Authoritarian,1.94,1.83,2.45,5.411,90,0.914,1.555,0.658,,0.085,0.342,
DR Congo,Authoritarian,1.92,1.92,2.76,3.469,141,0.544,0.929,0.278,0.6,0.151,0.061,0.906
Chad,Authoritarian,1.76,1.89,1.65,4.384,119,0.592,0.902,0.242,0.477,0.175,0.111,1.884
Laos,Authoritarian,1.71,1.71,2.1,5.301,93,1.122,1.01,0.493,0.916,0.145,0.164,1.452
Myanmar,Authoritarian,0.96,0.96,1.77,4.321,126,0.975,1.144,0.446,0.569,0.322,0.163,0.702
Afghanistan,Authoritarian,0.25,0.25,3.06,1.364,147,0.649,0.0,0.155,0.0,0.075,0.135,0.348
